sequence_id	variant_id	nucleotide_id	protein_id	primary_class	frameshift_position	wt_length	mutant_cterminus_length	full_length	novel_cterminus
WT	WT	N/A	N/A	Wild-type		417		417	
var63|Type_1-like	var63	c.1080_1143delinsGGAAGAAGACAA	p.Q361Efs*52	Type 1-like	361.0	417	60.0	420	AAEKQMKDKEEDKQRTRRMMRTKMRMRRMRRTRRKMRRKMSPARPRTSCREACLQGWTEA
var132|Type_1-like	var132	c.1080_1144delinsGGAAGAAGACAAG	p.Q361Efs*51	Type 1-like	361.0	417	60.0	420	AAEKQMKDKEEDKQRTRRMMRTKMRMRRMRRTRRKMRRKMSPARPRTSCREACLQGWTEA
var9|Type_1-like	var9	c.1088delinsTTTGTC	p.E363Vfs*69	Type 1-like	363.0	417	79.0	441	AAEKQMKDKQDVCRSRGLRRRKKTRNAKRRRRQRTRRMMRTKMRMRRMRRTRRKMRRKMSPARPRTSCREACLQGWTEA
var159|Type_1-like	var159	c.1088_1089insTTGTC	p.E363Dfs*69	Type 1-like	363.0	417	79.0	441	AAEKQMKDKQDDCRSRGLRRRKKTRNAKRRRRQRTRRMMRTKMRMRRMRRTRRKMRRKMSPARPRTSCREACLQGWTEA
var61|Other	var61	c.1089_1141del	p.E364Gfs*7	Other	364.0	417	18.0	381	AAEKQMKDKQDEGRGQGG
var112|Type_1-like	var112	c.1090_1123del	p.E364Nfs*55	Type 1-like	364.0	417	66.0	429	AAEKQMKDKQDENAKRRRRQRTRRMMRTKMRMRRMRRTRRKMRRKMSPARPRTSCREACLQGWTEA
var90|Type_1-like	var90	c.1090_1141del	p.E364Rfs*49	Type 1-like	364.0	417	60.0	423	AAEKQMKDKQDERQRTRRMMRTKMRMRRMRRTRRKMRRKMSPARPRTSCREACLQGWTEA
var131|Type_1-like	var131	c.1091_1124del	p.E364Dfs*54	Type 1-like	364.0	417	66.0	429	AAEKQMKDKQDEDAKRRRRQRTRRMMRTKMRMRRMRRTRRKMRRKMSPARPRTSCREACLQGWTEA
var12|Type_1-like	var12	c.1091_1142del	p.E364Gfs*49	Type 1-like	364.0	417	60.0	423	AAEKQMKDKQDEGQRTRRMMRTKMRMRRMRRTRRKMRRKMSPARPRTSCREACLQGWTEA
var7|Type_1-like	var7	c.1092_1125del	p.E364Dfs*55	Type 1-like	364.0	417	66.0	429	AAEKQMKDKQDEDAKRRRRQRTRRMMRTKMRMRRMRRTRRKMRRKMSPARPRTSCREACLQGWTEA
var25|Type_1-like	var25	c.1092_1140delinsCCA	p.E364Dfs*51	Type 1-like	364.0	417	62.0	425	AAEKQMKDKQDEDQRQRTRRMMRTKMRMRRMRRTRRKMRRKMSPARPRTSCREACLQGWTEA
var19|Type_1-like	var19	c.1093_1138del	p.Q365Rfs*50	Type 1-like	365.0	417	62.0	426	AAEKQMKDKQDEERRQRTRRMMRTKMRMRRMRRTRRKMRRKMSPARPRTSCREACLQGWTEA
var46|Type_1-like	var46	c.1094_1139del	p.Q365Rfs*50	Type 1-like	365.0	417	62.0	426	AAEKQMKDKQDEERRQRTRRMMRTKMRMRRMRRTRRKMRRKMSPARPRTSCREACLQGWTEA
var120|Type_1-like	var120	c.1095_1140del	p.L367Qfs*47	Type 1-like	367.0	417	62.0	428	AAEKQMKDKQDEEQRQRTRRMMRTKMRMRRMRRTRRKMRRKMSPARPRTSCREACLQGWTEA
var87|Type_1-like	var87	c.1097_1130del	p.R366Kfs*53	Type 1-like	366.0	417	66.0	431	AAEKQMKDKQDEEQKRRRRQRTRRMMRTKMRMRRMRRTRRKMRRKMSPARPRTSCREACLQGWTEA
var136|Type_1-like	var136	c.1098_1131del	p.L367Rfs*52	Type 1-like	367.0	417	66.0	432	AAEKQMKDKQDEEQRRRRRQRTRRMMRTKMRMRRMRRTRRKMRRKMSPARPRTSCREACLQGWTEA
var167|Type_1-like	var167	c.1099_1135del	p.L367Rfs*51	Type 1-like	367.0	417	65.0	431	AAEKQMKDKQDEEQRRRRQRTRRMMRTKMRMRRMRRTRRKMRRKMSPARPRTSCREACLQGWTEA
var77|Type_1-like	var77	c.1099_1141del	p.L367Rfs*49	Type 1-like	367.0	417	63.0	429	AAEKQMKDKQDEEQRRQRTRRMMRTKMRMRRMRRTRRKMRRKMSPARPRTSCREACLQGWTEA
var20|Type_1-like	var20	c.1099_1150del	p.L367Tfs*46	Type 1-like	367.0	417	60.0	426	AAEKQMKDKQDEEQRTRRMMRTKMRMRRMRRTRRKMRRKMSPARPRTSCREACLQGWTEA
var78|Type_1-like	var78	c.1099_1153del	p.L367Rfs*45	Type 1-like	367.0	417	59.0	425	AAEKQMKDKQDEEQRRRMMRTKMRMRRMRRTRRKMRRKMSPARPRTSCREACLQGWTEA
var72|Type_1-like	var72	c.1099_1156del	p.L367Rfs*44	Type 1-like	367.0	417	58.0	424	AAEKQMKDKQDEEQRRMMRTKMRMRRMRRTRRKMRRKMSPARPRTSCREACLQGWTEA
var107|Type_1-like	var107	c.1100_1133del	p.L367Rfs*52	Type 1-like	367.0	417	66.0	432	AAEKQMKDKQDEEQRRRRRQRTRRMMRTKMRMRRMRRTRRKMRRKMSPARPRTSCREACLQGWTEA
var11|Type_1-like	var11	c.1100_1134delinsA	p.L367Qfs*52	Type 1-like	367.0	417	66.0	432	AAEKQMKDKQDEEQRQRRRQRTRRMMRTKMRMRRMRRTRRKMRRKMSPARPRTSCREACLQGWTEA
var103|Type_1-like	var103	c.1100_1136delinsGGAGGT	p.L367Rfs*53	Type 1-like	367.0	417	67.0	433	AAEKQMKDKQDEEQRRRWRRQRTRRMMRTKMRMRRMRRTRRKMRRKMSPARPRTSCREACLQGWTEA
var24|Type_1-like	var24	c.1100_1145del	p.L367Qfs*48	Type 1-like	367.0	417	62.0	428	AAEKQMKDKQDEEQRQRTRRMMRTKMRMRRMRRTRRKMRRKMSPARPRTSCREACLQGWTEA
var161|Other	var161	c.1100_1152del	p.L367Qfs*4	Other	367.0	417	18.0	384	AAEKQMKDKQDEEQRQGG
var96|Type_1-like	var96	c.1101_1134del	p.K368Rfs*51	Type 1-like	368.0	417	66.0	433	AAEKQMKDKQDEEQRLRRRQRTRRMMRTKMRMRRMRRTRRKMRRKMSPARPRTSCREACLQGWTEA
var65|Type_1-like	var65	c.1101_1146del	p.K368Rfs*47	Type 1-like	368.0	417	62.0	429	AAEKQMKDKQDEEQRLRTRRMMRTKMRMRRMRRTRRKMRRKMSPARPRTSCREACLQGWTEA
var15|Type_1-like	var15	c.1101_1152del	p.K368Rfs*45	Type 1-like	368.0	417	60.0	427	AAEKQMKDKQDEEQRLRRMMRTKMRMRRMRRTRRKMRRKMSPARPRTSCREACLQGWTEA
var91|Type_1-like	var91	c.1101_1161del	p.K368Mfs*42	Type 1-like	368.0	417	57.0	424	AAEKQMKDKQDEEQRLMRTKMRMRRMRRTRRKMRRKMSPARPRTSCREACLQGWTEA
var121|Type_1-like	var121	c.1102_1135del	p.K368Rfs*51	Type 1-like	368.0	417	66.0	433	AAEKQMKDKQDEEQRLRRRQRTRRMMRTKMRMRRMRRTRRKMRRKMSPARPRTSCREACLQGWTEA
var81|Type_1-like	var81	c.1102_1137delinsCA	p.K368Qfs*51	Type 1-like	368.0	417	66.0	433	AAEKQMKDKQDEEQRLQRRQRTRRMMRTKMRMRRMRRTRRKMRRKMSPARPRTSCREACLQGWTEA
var122|Type_1-like	var122	c.1102_1153del	p.K368Rfs*45	Type 1-like	368.0	417	60.0	427	AAEKQMKDKQDEEQRLRRMMRTKMRMRRMRRTRRKMRRKMSPARPRTSCREACLQGWTEA
var47|Type_1-like	var47	c.1103_1136del	p.K368Rfs*51	Type 1-like	368.0	417	66.0	433	AAEKQMKDKQDEEQRLRRRQRTRRMMRTKMRMRRMRRTRRKMRRKMSPARPRTSCREACLQGWTEA
var64|Type_1-like	var64	c.1103_1139del	p.K368Rfs*50	Type 1-like	368.0	417	65.0	432	AAEKQMKDKQDEEQRLRRQRTRRMMRTKMRMRRMRRTRRKMRRKMSPARPRTSCREACLQGWTEA
var92|Type_1-like	var92	c.1103_1148del	p.K368Rfs*47	Type 1-like	368.0	417	62.0	429	AAEKQMKDKQDEEQRLRTRRMMRTKMRMRRMRRTRRKMRRKMSPARPRTSCREACLQGWTEA
var82|Type_1-like	var82	c.1103_1154del	p.K368Rfs*45	Type 1-like	368.0	417	60.0	427	AAEKQMKDKQDEEQRLRRMMRTKMRMRRMRRTRRKMRRKMSPARPRTSCREACLQGWTEA
var123|Type_1-like	var123	c.1104_1137del	p.E369Rfs*50	Type 1-like	369.0	417	66.0	434	AAEKQMKDKQDEEQRLKRRQRTRRMMRTKMRMRRMRRTRRKMRRKMSPARPRTSCREACLQGWTEA
var138|Type_1-like	var138	c.1104_1155del	p.E369Rfs*44	Type 1-like	369.0	417	60.0	428	AAEKQMKDKQDEEQRLKRMMRTKMRMRRMRRTRRKMRRKMSPARPRTSCREACLQGWTEA
var45|Type_1-like	var45	c.1105_1138del	p.E369Rfs*50	Type 1-like	369.0	417	66.0	434	AAEKQMKDKQDEEQRLKRRQRTRRMMRTKMRMRRMRRTRRKMRRKMSPARPRTSCREACLQGWTEA
var99|Type_1-like	var99	c.1105_1147delinsAGGAGGCAA	p.E369Rfs*50	Type 1-like	369.0	417	66.0	434	AAEKQMKDKQDEEQRLKRRQRTRRMMRTKMRMRRMRRTRRKMRRKMSPARPRTSCREACLQGWTEA
var35|Type_1-like	var35	c.1105_1156del	p.E369Rfs*44	Type 1-like	369.0	417	60.0	428	AAEKQMKDKQDEEQRLKRMMRTKMRMRRMRRTRRKMRRKMSPARPRTSCREACLQGWTEA
var71|Other	var71	c.1108G>T	p.E370*	Other	370.0	417	18.0	387	AAEKQMKDKQDEEQRLKE
var83|Type_1-like	var83	c.1108_1138del	p.E370Rfs*50	Type 1-like	370.0	417	67.0	436	AAEKQMKDKQDEEQRLKERRQRTRRMMRTKMRMRRMRRTRRKMRRKMSPARPRTSCREACLQGWTEA
var17|Type_1-like	var17	c.1108_1141del	p.E370Rfs*49	Type 1-like	370.0	417	66.0	435	AAEKQMKDKQDEEQRLKERQRTRRMMRTKMRMRRMRRTRRKMRRKMSPARPRTSCREACLQGWTEA
var80|Type_1-like	var80	c.1108_1177del	p.E370Rfs*37	Type 1-like	370.0	417	54.0	423	AAEKQMKDKQDEEQRLKERMRRMRRTRRKMRRKMSPARPRTSCREACLQGWTEA
var150|Other	var150	c.1109_1145del	p.E371Rfs*46	Other	371.0	417	65.0	435	AAEKQMKDKQDEEQRLKEERTRRMMRTKMRMRRMRRTRRKMRRKMSPARPRTSCREACLQGWTEA
var88|Type_1-like	var88	c.1109_1160del	p.E370Vfs*43	Type 1-like	370.0	417	60.0	429	AAEKQMKDKQDEEQRLKEVMRTKMRMRRMRRTRRKMRRKMSPARPRTSCREACLQGWTEA
var125|Other	var125	c.1110_1140del	p.E371Rfs*49	Other	371.0	417	67.0	437	AAEKQMKDKQDEEQRLKEERQRTRRMMRTKMRMRRMRRTRRKMRRKMSPARPRTSCREACLQGWTEA
var113|Other	var113	c.1111_1141del	p.E371Rfs*49	Other	371.0	417	67.0	437	AAEKQMKDKQDEEQRLKEERQRTRRMMRTKMRMRRMRRTRRKMRRKMSPARPRTSCREACLQGWTEA
var75|Other	var75	c.1111_1142delinsT	p.E371Wfs*49	Other	371.0	417	67.0	437	AAEKQMKDKQDEEQRLKEEWQRTRRMMRTKMRMRRMRRTRRKMRRKMSPARPRTSCREACLQGWTEA
var34|Other	var34	c.1111_1147del	p.E371Rfs*47	Other	371.0	417	65.0	435	AAEKQMKDKQDEEQRLKEERTRRMMRTKMRMRRMRRTRRKMRRKMSPARPRTSCREACLQGWTEA
var14|Other	var14	c.1111_1150del	p.E371Tfs*46	Other	371.0	417	64.0	434	AAEKQMKDKQDEEQRLKEETRRMMRTKMRMRRMRRTRRKMRRKMSPARPRTSCREACLQGWTEA
var144|Other	var144	c.1112_1142del	p.E371Gfs*49	Other	371.0	417	67.0	437	AAEKQMKDKQDEEQRLKEEGQRTRRMMRTKMRMRRMRRTRRKMRRKMSPARPRTSCREACLQGWTEA
var76|Other	var76	c.1114G>T	p.E372*	Other	372.0	417	20.0	391	AAEKQMKDKQDEEQRLKEEE
var54|Other	var54	c.1114_1144del	p.E372Qfs*48	Other	372.0	417	67.0	438	AAEKQMKDKQDEEQRLKEEEQRTRRMMRTKMRMRRMRRTRRKMRRKMSPARPRTSCREACLQGWTEA
var165|Other	var165	c.1115_1139del	p.E372Gfs*50	Other	372.0	417	69.0	440	AAEKQMKDKQDEEQRLKEEEGRQRTRRMMRTKMRMRRMRRTRRKMRRKMSPARPRTSCREACLQGWTEA
var70|Other	var70	c.1116_1146del	p.D373Rfs*47	Other	373.0	417	67.0	439	AAEKQMKDKQDEEQRLKEEEERTRRMMRTKMRMRRMRRTRRKMRRKMSPARPRTSCREACLQGWTEA
var164|Other	var164	c.1117_1126del	p.D373Afs*54	Other	373.0	417	74.0	446	AAEKQMKDKQDEEQRLKEEEEAKRRRRQRTRRMMRTKMRMRRMRRTRRKMRRKMSPARPRTSCREACLQGWTEA
var50|Other	var50	c.1118_1136del	p.D373Gfs*51	Other	373.0	417	71.0	443	AAEKQMKDKQDEEQRLKEEEEGRRQRTRRMMRTKMRMRRMRRTRRKMRRKMSPARPRTSCREACLQGWTEA
var59|Other	var59	c.1118_1145delinsCGTTTA	p.D373Afs*50	Other	373.0	417	70.0	442	AAEKQMKDKQDEEQRLKEEEEAFKRTRRMMRTKMRMRRMRRTRRKMRRKMSPARPRTSCREACLQGWTEA
var117|Other	var117	c.1120_1123del	p.K374Nfs*54	Other	374.0	417	76.0	449	AAEKQMKDKQDEEQRLKEEEEDNAKRRRRQRTRRMMRTKMRMRRMRRTRRKMRRKMSPARPRTSCREACLQGWTEA
var42|Other	var42	c.1120_1125delinsTCTTGTCT	p.K374Sfs*57	Other	374.0	417	78.0	451	AAEKQMKDKQDEEQRLKEEEEDSCLAKRRRRQRTRRMMRTKMRMRRMRRTRRKMRRKMSPARPRTSCREACLQGWTEA
var68|Other	var68	c.1120_1126delinsTTCTTGTCTTCTTGTCTT	p.K374Ffs*60	Other	374.0	417	81.0	454	AAEKQMKDKQDEEQRLKEEEEDFLSSCLAKRRRRQRTRRMMRTKMRMRRMRRTRRKMRRKMSPARPRTSCREACLQGWTEA
var85|Other	var85	c.1120_1131delinsTGCGT	p.K374Cfs*54	Other	374.0	417	75.0	448	AAEKQMKDKQDEEQRLKEEEEDCVRRRRQRTRRMMRTKMRMRRMRRTRRKMRRKMSPARPRTSCREACLQGWTEA
var118|Other	var118	c.1120_1138del	p.K374Rfs*50	Other	374.0	417	71.0	444	AAEKQMKDKQDEEQRLKEEEEDRRQRTRRMMRTKMRMRRMRRTRRKMRRKMSPARPRTSCREACLQGWTEA
var102|Other	var102	c.1120_1140delinsTCTTGTCT	p.K374Sfs*52	Other	374.0	417	73.0	446	AAEKQMKDKQDEEQRLKEEEEDSCLRQRTRRMMRTKMRMRRMRRTRRKMRRKMSPARPRTSCREACLQGWTEA
var26|Other	var26	c.1121_1139del	p.K374Rfs*50	Other	374.0	417	71.0	444	AAEKQMKDKQDEEQRLKEEEEDRRQRTRRMMRTKMRMRRMRRTRRKMRRKMSPARPRTSCREACLQGWTEA
var97|Other	var97	c.1121_1142del	p.K374Rfs*49	Other	374.0	417	70.0	443	AAEKQMKDKQDEEQRLKEEEEDRQRTRRMMRTKMRMRRMRRTRRKMRRKMSPARPRTSCREACLQGWTEA
var67|Other	var67	c.1121_1148del	p.K374Rfs*47	Other	374.0	417	68.0	441	AAEKQMKDKQDEEQRLKEEEEDRTRRMMRTKMRMRRMRRTRRKMRRKMSPARPRTSCREACLQGWTEA
var27|Other	var27	c.1122del	p.K375Nfs*55	Other	375.0	417	77.0	451	AAEKQMKDKQDEEQRLKEEEEDKNAKRRRRQRTRRMMRTKMRMRRMRRTRRKMRRKMSPARPRTSCREACLQGWTEA
var8|Other	var8	c.1122_1123delinsTTGT	p.K374Nfs*57	Other	374.0	417	78.0	451	AAEKQMKDKQDEEQRLKEEEEDNCNAKRRRRQRTRRMMRTKMRMRRMRRTRRKMRRKMSPARPRTSCREACLQGWTEA
var40|Other	var40	c.1122_1125del	p.K374Nfs*55	Other	374.0	417	76.0	449	AAEKQMKDKQDEEQRLKEEEEDNAKRRRRQRTRRMMRTKMRMRRMRRTRRKMRRKMSPARPRTSCREACLQGWTEA
var133|Other	var133	c.1122_1134del	p.K375Rfs*50	Other	375.0	417	73.0	447	AAEKQMKDKQDEEQRLKEEEEDKRRRQRTRRMMRTKMRMRRMRRTRRKMRRKMSPARPRTSCREACLQGWTEA
var108|Other	var108	c.1122_1141delinsA	p.K375Rfs*49	Other	375.0	417	71.0	445	AAEKQMKDKQDEEQRLKEEEEDKRQRTRRMMRTKMRMRRMRRTRRKMRRKMSPARPRTSCREACLQGWTEA
var29|Other	var29	c.1123_1125delinsTGTTT	p.K375Cfs*56	Other	375.0	417	78.0	452	AAEKQMKDKQDEEQRLKEEEEDKCFAKRRRRQRTRRMMRTKMRMRRMRRTRRKMRRKMSPARPRTSCREACLQGWTEA
var51|Other	var51	c.1123_1125delinsTTTTGTTT	p.K375Ffs*57	Other	375.0	417	79.0	453	AAEKQMKDKQDEEQRLKEEEEDKFCFAKRRRRQRTRRMMRTKMRMRRMRRTRRKMRRKMSPARPRTSCREACLQGWTEA
var111|Other	var111	c.1124_1133del	p.K375Rfs*52	Other	375.0	417	74.0	448	AAEKQMKDKQDEEQRLKEEEEDKRRRRQRTRRMMRTKMRMRRMRRTRRKMRRKMSPARPRTSCREACLQGWTEA
var55|Other	var55	c.1124_1136del	p.K375Rfs*51	Other	375.0	417	73.0	447	AAEKQMKDKQDEEQRLKEEEEDKRRRQRTRRMMRTKMRMRRMRRTRRKMRRKMSPARPRTSCREACLQGWTEA
var6|Other	var6	c.1124_1142del	p.K375Rfs*49	Other	375.0	417	71.0	445	AAEKQMKDKQDEEQRLKEEEEDKRQRTRRMMRTKMRMRRMRRTRRKMRRKMSPARPRTSCREACLQGWTEA
var52|Other	var52	c.1125_1126insTTCTTAGTGCT	p.R376Ffs*58	Other	376.0	417	81.0	456	AAEKQMKDKQDEEQRLKEEEEDKKFLVLAKRRRRQRTRRMMRTKMRMRRMRRTRRKMRRKMSPARPRTSCREACLQGWTEA
var89|Other	var89	c.1125_1146del	p.K377Tfs*46	Other	377.0	417	70.0	446	AAEKQMKDKQDEEQRLKEEEEDKKRTRRMMRTKMRMRRMRRTRRKMRRKMSPARPRTSCREACLQGWTEA
var101|Other	var101	c.1126_1131delinsTGCGT	p.R376Cfs*54	Other	376.0	417	77.0	452	AAEKQMKDKQDEEQRLKEEEEDKKCVRRRRQRTRRMMRTKMRMRRMRRTRRKMRRKMSPARPRTSCREACLQGWTEA
var31|Other	var31	c.1126_1148del	p.R376Gfs*5	Other	376.0	417	28.0	403	AAEKQMKDKQDEEQRLKEEEEDKKGQGG
var93|Other	var93	c.1127_1132delinsTTTGC	p.R376Lfs*54	Other	376.0	417	77.0	452	AAEKQMKDKQDEEQRLKEEEEDKKLCRRRRQRTRRMMRTKMRMRRMRRTRRKMRRKMSPARPRTSCREACLQGWTEA
var43|Other	var43	c.1127_1145del	p.R376Qfs*48	Other	376.0	417	71.0	446	AAEKQMKDKQDEEQRLKEEEEDKKQRTRRMMRTKMRMRRMRRTRRKMRRKMSPARPRTSCREACLQGWTEA
var145|Other	var145	c.1128_1154delinsGTGTC	p.K375Cfs*46	Other	375.0	417	70.0	444	AAEKQMKDKQDEEQRLKEEEEDKKRCRRMMRTKMRMRRMRRTRRKMRRKMSPARPRTSCREACLQGWTEA
var146|Other	var146	c.1129_1135AAAGAGG>CTTTGCTTA	p.K377Lfs*54	Other	377.0	417	78.0	454	AAEKQMKDKQDEEQRLKEEEEDKKRLCLRRRQRTRRMMRTKMRMRRMRRTRRKMRRKMSPARPRTSCREACLQGWTEA
var126|Other	var126	c.1129_1135AAAGAGGA>TTGTCA	p.K377Lfs*54	Other	377.0	417	77.0	453	AAEKQMKDKQDEEQRLKEEEEDKKRLSRRRQRTRRMMRTKMRMRRMRRTRRKMRRKMSPARPRTSCREACLQGWTEA
var60|Other	var60	c.1129_1139del	p.K377Gfs*8	Other	377.0	417	32.0	408	AAEKQMKDKQDEEQRLKEEEEDKKRGGRGQGG
var84|Other	var84	c.1129_1139delinsCTCTGCCTCC	p.K377Lfs*53	Other	377.0	417	77.0	453	AAEKQMKDKQDEEQRLKEEEEDKKRLCLRRQRTRRMMRTKMRMRRMRRTRRKMRRKMSPARPRTSCREACLQGWTEA
var142|Other	var142	c.1129_1140delinsCTTTGCGA	p.K377Cfs*52	Other	377.0	417	76.0	452	AAEKQMKDKQDEEQRLKEEEEDKKRLCERQRTRRMMRTKMRMRRMRRTRRKMRRKMSPARPRTSCREACLQGWTEA
var106|Other	var106	c.1130_1154delinsTCCATCCTTGTC	p.K377Ifs*49	Other	377.0	417	73.0	449	AAEKQMKDKQDEEQRLKEEEEDKKRIHPCRRMMRTKMRMRRMRRTRRKMRRKMSPARPRTSCREACLQGWTEA
var119|Other	var119	c.1131_1152del	p.E378Rfs*45	Other	378.0	417	70.0	447	AAEKQMKDKQDEEQRLKEEEEDKKRKRRMMRTKMRMRRMRRTRRKMRRKMSPARPRTSCREACLQGWTEA
var37|Other	var37	c.1132_1153del	p.E378Rfs*45	Other	378.0	417	70.0	447	AAEKQMKDKQDEEQRLKEEEEDKKRKRRMMRTKMRMRRMRRTRRKMRRKMSPARPRTSCREACLQGWTEA
var155|Other	var155	c.1135del	p.E379Rfs*51	Other	379.0	417	77.0	455	AAEKQMKDKQDEEQRLKEEEEDKKRKERRRQRTRRMMRTKMRMRRMRRTRRKMRRKMSPARPRTSCREACLQGWTEA
var130|Other	var130	c.1135_1147del	p.E379Rfs*47	Other	379.0	417	73.0	451	AAEKQMKDKQDEEQRLKEEEEDKKRKERTRRMMRTKMRMRRMRRTRRKMRRKMSPARPRTSCREACLQGWTEA
var66|Other	var66	c.1135_1152delinsCCTCCTCTTTGTCT	p.E379Pfs*50	Other	379.0	417	76.0	454	AAEKQMKDKQDEEQRLKEEEEDKKRKEPPLCLRRMMRTKMRMRRMRRTRRKMRRKMSPARPRTSCREACLQGWTEA
var74|Other	var74	c.1137_1154delinsCCATCCTTGTC	p.E379Dfs*49	Other	379.0	417	75.0	453	AAEKQMKDKQDEEQRLKEEEEDKKRKEDHPCRRMMRTKMRMRRMRRTRRKMRRKMSPARPRTSCREACLQGWTEA
var62|Other	var62	c.1139del	p.E380Gfs*50	Other	380.0	417	77.0	456	AAEKQMKDKQDEEQRLKEEEEDKKRKEEGRQRTRRMMRTKMRMRRMRRTRRKMRRKMSPARPRTSCREACLQGWTEA
var156|Other	var156	c.1139del+A1247T	p.E380Gfs*50	Other	380.0	417	77.0	456	AAEKQMKDKQDEEQRLKEEEEDKKRKEEGRQRTRRMMRTKMRMRRMRRTRRKMRRKMSPARPRTCCREACLQGWTEA
var157|Other	var157	c.1139del+c.1227_1228CC>GT	p.E380Gfs*50	Other	380.0	417	77.0	456	AAEKQMKDKQDEEQRLKEEEEDKKRKEEGRQRTRRMMRTKMRMRRMRRTRRKMRRKMSSARPRTSCREACLQGWTEA
var5|Other	var5	c.1139_1140insTC	p.E380Dfs*51	Other	380.0	417	78.0	457	AAEKQMKDKQDEEQRLKEEEEDKKRKEEDRRQRTRRMMRTKMRMRRMRRTRRKMRRKMSPARPRTSCREACLQGWTEA
var124|Type_2-like	var124	c.1140del	p.E381Rfs*49	Type 2-like	381.0	417	77.0	457	AAEKQMKDKQDEEQRLKEEEEDKKRKEEERQRTRRMMRTKMRMRRMRRTRRKMRRKMSPARPRTSCREACLQGWTEA
var22|Type_2-like	var22	c.1141del	p.E381Rfs*49	Type 2-like	381.0	417	77.0	457	AAEKQMKDKQDEEQRLKEEEEDKKRKEEERQRTRRMMRTKMRMRRMRRTRRKMRRKMSPARPRTSCREACLQGWTEA
var170|Type_2-like	var170	c.1141_1144delinsCCTCTTTGCCTC	p.E381fs*52	Type 2-like	381.0	417	80.0	460	AAEKQMKDKQDEEQRLKEEEEDKKRKEEEPLCLQRTRRMMRTKMRMRRMRRTRRKMRRKMSPARPRTSCREACLQGWTEA
var53|Type_2-like	var53	c.1142_1151delinsCGGCATGTC	p.E381Afs*49	Type 2-like	381.0	417	77.0	457	AAEKQMKDKQDEEQRLKEEEEDKKRKEEEAACPRRMMRTKMRMRRMRRTRRKMRRKMSPARPRTSCREACLQGWTEA
var104|Type_2-like	var104	c.1143_1154delinsTCCTTGTC	p.E381Dfs*48	Type 2-like	381.0	417	76.0	456	AAEKQMKDKQDEEQRLKEEEEDKKRKEEEDPCRRMMRTKMRMRRMRRTRRKMRRKMSPARPRTSCREACLQGWTEA
var86|Type_2-like	var86	c.1145_1146insGACGC	p.E383Tfs*49	Type 2-like	383.0	417	79.0	461	AAEKQMKDKQDEEQRLKEEEEDKKRKEEEEATQRTRRMMRTKMRMRRMRRTRRKMRRKMSPARPRTSCREACLQGWTEA
var41|Other	var41	c.1147_1151del	p.E383Qfs*4	Other	383.0	417	34.0	416	AAEKQMKDKQDEEQRLKEEEEDKKRKEEEEAQGG
var152|Type_2-like	var152	c.1147_1151delinsTGGT	p.E383Wfs*47	Type 2-like	383.0	417	77.0	459	AAEKQMKDKQDEEQRLKEEEEDKKRKEEEEAWSRRMMRTKMRMRRMRRTRRKMRRKMSPARPRTSCREACLQGWTEA
var115|Type_2-like	var115	c.1147_1154delinsTGTC	p.E383Cfs*46	Type 2-like	383.0	417	76.0	458	AAEKQMKDKQDEEQRLKEEEEDKKRKEEEEACRRMMRTKMRMRRMRRTRRKMRRKMSPARPRTSCREACLQGWTEA
var33|Type_2-like	var33	c.1148_1149insTCCTTGTC	p.E383Dfs*50	Type 2-like	383.0	417	80.0	462	AAEKQMKDKQDEEQRLKEEEEDKKRKEEEEADPCRTRRMMRTKMRMRRMRRTRRKMRRKMSPARPRTSCREACLQGWTEA
var32|Type_2-like	var32	c.1148_1154delinsGAC	p.E383Gfs*46	Type 2-like	383.0	417	76.0	458	AAEKQMKDKQDEEQRLKEEEEDKKRKEEEEAGRRMMRTKMRMRRMRRTRRKMRRKMSPARPRTSCREACLQGWTEA
var140|Type_2-like	var140	c.1149_1150insCAGAG	p.E383Cfs*46	Type 2-like	383.0	417	79.0	461	AAEKQMKDKQDEEQRLKEEEEDKKRKEEEEAEQRTRRMMRTKMRMRRMRRTRRKMRRKMSPARPRTSCREACLQGWTEA
var127|Type_2-like	var127	c.1149_1152GGAC>TTGTCA	p.E383Dfs*45	Type 2-like	383.0	417	78.0	460	AAEKQMKDKQDEEQRLKEEEEDKKRKEEEEADCQRRMMRTKMRMRRMRRTRRKMRRKMSPARPRTSCREACLQGWTEA
var141|Type_2-like	var141	c.1149_1154delinsTCCTTGTC	p.E383Dfs*48	Type 2-like	383.0	417	78.0	460	AAEKQMKDKQDEEQRLKEEEEDKKRKEEEEADPCRRMMRTKMRMRRMRRTRRKMRRKMSPARPRTSCREACLQGWTEA
var114|Type_2-like	var114	c.1150_1154delinsTGTC	p.D384Cfs*46	Type 2-like	384.0	417	77.0	460	AAEKQMKDKQDEEQRLKEEEEDKKRKEEEEAECRRMMRTKMRMRRMRRTRRKMRRKMSPARPRTSCREACLQGWTEA
var158|Type_2-like	var158	c.1151_1152insTTGTC	p.K385Cfs*47	Type 2-like	385.0	417	79.0	463	AAEKQMKDKQDEEQRLKEEEEDKKRKEEEEAEDCPRRMMRTKMRMRRMRRTRRKMRRKMSPARPRTSCREACLQGWTEA
var166|Type_2-like	var166	c.1151_1154delinsCGTGTC	p.D384Afs*47	Type 2-like	384.0	417	78.0	461	AAEKQMKDKQDEEQRLKEEEEDKKRKEEEEAEACRRMMRTKMRMRRMRRTRRKMRRKMSPARPRTSCREACLQGWTEA
var49|Type_2-like	var49	c.1151_1154delinsGCAATTGTC	p.D384Gfs*48	Type 2-like	384.0	417	79.0	462	AAEKQMKDKQDEEQRLKEEEEDKKRKEEEEAEGNCRRMMRTKMRMRRMRRTRRKMRRKMSPARPRTSCREACLQGWTEA
var2|Type_2-like	var2	c.1151_1154delinsTTTGTC	p.D384Vfs*47	Type 2-like	384.0	417	78.0	461	AAEKQMKDKQDEEQRLKEEEEDKKRKEEEEAEVCRRMMRTKMRMRRMRRTRRKMRRKMSPARPRTSCREACLQGWTEA
var151|Type_2-like	var151	c.1153del	p.K385Rfs*45	Type 2-like	385.0	417	77.0	461	AAEKQMKDKQDEEQRLKEEEEDKKRKEEEEAEDRRMMRTKMRMRRMRRTRRKMRRKMSPARPRTSCREACLQGWTEA
var21|Type_2-like	var21	c.1153_1154delinsTCTTGTC	p.K385Sfs*47	Type 2-like	385.0	417	79.0	463	AAEKQMKDKQDEEQRLKEEEEDKKRKEEEEAEDSCRRMMRTKMRMRRMRRTRRKMRRKMSPARPRTSCREACLQGWTEA
var48|Type_2-like	var48	c.1153_1154delinsTGTC	p.K385Cfs*46	Type 2-like	385.0	417	78.0	462	AAEKQMKDKQDEEQRLKEEEEDKKRKEEEEAEDCRRMMRTKMRMRRMRRTRRKMRRKMSPARPRTSCREACLQGWTEA
var94|Type_2-like	var94	c.1153_1154insTCTGT	p.K385Ifs*47	Type 2-like	385.0	417	79.0	463	AAEKQMKDKQDEEQRLKEEEEDKKRKEEEEAEDICRRMMRTKMRMRRMRRTRRKMRRKMSPARPRTSCREACLQGWTEA
var57|Type_2-like	var57	c.1154del	p.K385Rfs*45	Type 2-like	385.0	417	77.0	461	AAEKQMKDKQDEEQRLKEEEEDKKRKEEEEAEDRRMMRTKMRMRRMRRTRRKMRRKMSPARPRTSCREACLQGWTEA
var44|Type_2-like	var44	c.1154delinsCTTGTC	p.K385Tfs*47	Type 2-like	385.0	417	79.0	463	AAEKQMKDKQDEEQRLKEEEEDKKRKEEEEAEDTCRRMMRTKMRMRRMRRTRRKMRRKMSPARPRTSCREACLQGWTEA
var109|Type_2-like	var109	c.1154delinsTATGTC	p.K385Ifs*47	Type 2-like	385.0	417	79.0	463	AAEKQMKDKQDEEQRLKEEEEDKKRKEEEEAEDICRRMMRTKMRMRRMRRTRRKMRRKMSPARPRTSCREACLQGWTEA
var79|Type_2-like	var79	c.1154delinsTCTGTC	p.K385Ifs*47	Type 2-like	385.0	417	79.0	463	AAEKQMKDKQDEEQRLKEEEEDKKRKEEEEAEDICRRMMRTKMRMRRMRRTRRKMRRKMSPARPRTSCREACLQGWTEA
var1|Type_2-like	var1	c.1154delinsTGTGTC	p.K385Mfs*47	Type 2-like	385.0	417	79.0	463	AAEKQMKDKQDEEQRLKEEEEDKKRKEEEEAEDMCRRMMRTKMRMRRMRRTRRKMRRKMSPARPRTSCREACLQGWTEA
var38|Type_2-like	var38	c.1154delinsTTTGTC	p.K385Ifs*47	Type 2-like	385.0	417	79.0	463	AAEKQMKDKQDEEQRLKEEEEDKKRKEEEEAEDICRRMMRTKMRMRRMRRTRRKMRRKMSPARPRTSCREACLQGWTEA
var154|Other	var154	c.1154_1154delinsTTATC	p.L385Ifs*47	Other	385.0	417	37.0	421	AAEKQMKDKQDEEQRLKEEEEDKKRKEEEEAEDIIGG
var13|Type_2-like	var13	c.1154_1155insATGTC	p.E386Cfs*46	Type 2-like	386.0	417	79.0	464	AAEKQMKDKQDEEQRLKEEEEDKKRKEEEEAEDKCRRMMRTKMRMRRMRRTRRKMRRKMSPARPRTSCREACLQGWTEA
var10|Type_2-like	var10	c.1154_1155insTTGTC	p.K385Nfs*47	Type 2-like	385.0	417	79.0	463	AAEKQMKDKQDEEQRLKEEEEDKKRKEEEEAEDNCRRMMRTKMRMRRMRRTRRKMRRKMSPARPRTSCREACLQGWTEA
var4|Type_2-like	var4	c.1155_1156insTGTCG	p.E386Cfs*46	Type 2-like	386.0	417	79.0	464	AAEKQMKDKQDEEQRLKEEEEDKKRKEEEEAEDKCRRMMRTKMRMRRMRRTRRKMRRKMSPARPRTSCREACLQGWTEA
var28|Other	var28	c.1156G>T	p.E386*	Other	386.0	417	34.0	419	AAEKQMKDKQDEEQRLKEEEEDKKRKEEEEAEDK
var69|Type_2-like	var69	c.1162del	p.D388Mfs*42	Type 2-like	388.0	417	77.0	464	AAEKQMKDKQDEEQRLKEEEEDKKRKEEEEAEDKEDMRTKMRMRRMRRTRRKMRRKMSPARPRTSCREACLQGWTEA
var16|Other	var16	c.1165G>T	p.E389*	Other	389.0	417	37.0	425	AAEKQMKDKQDEEQRLKEEEEDKKRKEEEEAEDKEDD
var56|Type_2-like	var56	c.1211_1217del	p.D404Gfs*24	Type 2-like	404.0	417	75.0	478	AAEKQMKDKQDEEQRLKEEEEDKKRKEEEEAEDKEDDEDKDEDEEDEEDKEEGKMSPARPRTSCREACLQGWTEA
var105|Type_2-like	var105	c.1214del	p.E405Gfs*25	Type 2-like	405.0	417	77.0	481	AAEKQMKDKQDEEQRLKEEEEDKKRKEEEEAEDKEDDEDKDEDEEDEEDKEEDGRKMSPARPRTSCREACLQGWTEA
var163|Other	var163	c.1221del	p.D408Mfs*22	Other	408.0	417	77.0	484	AAEKQMKDKQDEEQRLKEEEEDKKRKEEEEAEDKEDDEDKDEDEEDEEDKEEDEEEMSPARPRTSCREACLQGWTEA
var116|Type_1-like	var116	[c.1092G>C;1095_1140del]	p.K385Mfs*47	Type 1-like	385.0	417	62.0	446	AAEKQMKDKQDEDQRQRTRRMMRTKMRMRRMRRTRRKMRRKMSPARPRTSCREACLQGWTEA
var135|Type_1-like	var135	[c.1100_1136del;1142A>T]	p.L367Rfs*50	Type 1-like	367.0	417	65.0	431	AAEKQMKDKQDEEQRRRWQRTRRMMRTKMRMRRMRRTRRKMRRKMSPARPRTSCREACLQGWTEA
var128|Type_1-like	var128	[c.1102_1135del;1145C>G]	p.K368Rfs*51	Type 1-like	368.0	417	66.0	433	AAEKQMKDKQDEEQRLRRRERTRRMMRTKMRMRRMRRTRRKMRRKMSPARPRTSCREACLQGWTEA
var134|Type_1-like	var134	[c.1104_1137del;1146G>A]	p.E369Rfs*49	Type 1-like	369.0	417	66.0	434	AAEKQMKDKQDEEQRLKRRQRTRRMMRTKMRMRRMRRTRRKMRRKMSPARPRTSCREACLQGWTEA
var137|Type_1-like	var137	[c.1104_1137del;1148A>T]	p.E369Rfs*50	Type 1-like	369.0	417	66.0	434	AAEKQMKDKQDEEQRLKRRQWTRRMMRTKMRMRRMRRTRRKMRRKMSPARPRTSCREACLQGWTEA
var139|Type_2-like	var139	[c.1151A>G;1154_1155insTTGTC]	p.K385Ifs*47	Type 2-like	385.0	417	79.0	463	AAEKQMKDKQDEEQRLKEEEEDKKRKEEEEAEGNCRRMMRTKMRMRRMRRTRRKMRRKMSPARPRTSCREACLQGWTEA
